Approved symbol,HGVSp_Short,y,trial0,trial1,trial2
AKT1,p.R370C,1,0.2997549061464494,0.291363819876528,0.2842284091699524
KRAS,p.D33E,1,0.3246026276514155,0.2876586248287403,0.3042957120605603
NRAS,p.Y64D,0,0.4694525588746396,0.462901742264405,0.4396267704300112
NFE2L2,p.N160S,0,0.3289499059487941,0.300993121675204,0.3033841001385092
NRAS,p.G12A,1,0.622705895908819,0.7111644623435531,0.6211324012751597
FBXW7,p.I347M,0,0.2960279803402024,0.2834345944127613,0.2902261291194258
FBXW7,p.S462Y,0,0.3848737417385317,0.4186551756151641,0.3793627050755329
SPOP,p.K101I,0,0.305717284649721,0.3706129711533935,0.3404143913087584
PIK3CB,p.A1048V,1,0.4000682618309498,0.4590465463934544,0.4226656632127379
IDH2,p.T331M,0,0.1882025700647207,0.1361120016959248,0.1692842336544482
AKT1,p.E267G,1,0.3142235514203255,0.288047956683639,0.3259391161982551
AKT1,p.Q79K,1,0.3481204200205753,0.317820644206405,0.3562348740350208
FBXW7,p.R658Q,0,0.3080131474524972,0.3108608175218629,0.3129626596659319
POT1,p.L265H,0,0.1522583159944797,0.1266885345618669,0.1395027453200199
IDH1,p.P33S,0,0.120160909902625,0.0805998565333713,0.1216045848978548
KRAS,p.E62K,1,0.4647972624793217,0.4944187166508815,0.4764180573129827
AKT1,p.V201I,0,0.3302335788464491,0.325381311008123,0.3473968727704013
IDH2,p.I139F,0,0.2045329694156147,0.1751501219384099,0.1986187662463164
PTEN,p.K6N,0,0.4060398163394262,0.4390063927732486,0.4094731878697955
IDH2,p.A416V,0,0.1322130329901373,0.0840422320774872,0.1112698604369807
FBXW7,p.R689Q,0,0.4211168737903619,0.4453434643859629,0.4335536720095035
SPOP,p.K134N,1,0.3154454115249116,0.3760139513274156,0.3856458406492459
IDH2,p.A47V,0,0.1201618472289793,0.0705056644804634,0.093766113171677
POT1,p.L388M,0,0.0845704048473546,0.075140421065763,0.0770319428534918
PIK3CB,p.A593V,0,0.269116014812107,0.2883926706098435,0.2913111417668926
