Approved symbol,HGVSp_Short,y,CHASM,CanDrA,TransFIC,ParsSNP,gwCHASMplus,FATHMM_converted_rankscore,CADD_raw_rankscore,Polyphen2_HDIV_rankscore,Polyphen2_HVAR_rankscore,MutationAssessor_rankscore,SIFT_converted_rankscore,VEST4_rankscore,ClinPred_rankscore,DANN_rankscore,DEOGEN2_rankscore,LIST-S2_rankscore,LRT_converted_rankscore,M-CAP_rankscore,MPC_rankscore,MVP_rankscore,MetaSVM_rankscore,MutPred_rankscore,MutationTaster_converted_rankscore,PROVEAN_converted_rankscore,REVEL_rankscore,Network&AA
AKT1,p.E267G,1,0.784,1.1731,-0.3879999999999999,0.541219948694052,0.4271399999999999,0.70249,0.77423,0.07471,0.11217,0.25523,0.22224,0.73195,0.6126,0.68031,0.8312,0.80929,0.8433,0.89288,0.93755,0.88346,0.52989,0.62505,0.81001,0.58248,0.73226,0.226
AKT1,p.Q79K,1,0.38,0.098187,0.178,0.0741966702963001,0.6048,0.45636,0.82327,0.68779,0.7153,0.63811,0.7849,0.75283,0.68,0.69963,0.9852,0.9886,0.8433,0.91174,0.92704,0.92157,0.85512,0.78639,0.81001,0.7282,0.63482,0.377
AKT1,p.R370C,1,0.642,1.2478,0.061,0.369909278335683,0.4233599999999999,0.58897,0.64848,0.29148,0.27321,0.51223,0.31834,0.63204,0.37776,0.86519,0.84743,0.98273,0.8433,0.96771,0.72533,0.71724,0.59932,0.63842,0.81001,0.81675,0.60338,0.302
AKT1,p.V201I,0,0.5720000000000001,1.1515,-0.152,0.0705069871847997,0.29862,0.63911,0.36793,0.34801,0.50218,0.00724,0.24468,0.51048,0.20676,0.38214,0.72123,0.88631,0.8433,0.92679,0.68019,0.55701,0.61683,0.58507,0.81001,0.23808,0.58633,0.327
FBXW7,p.I347M,0,0.4,-0.32116,-0.0969999999999999,0.060881599228265,0.46563,0.54728,0.21854,0.11197,0.087,0.00611,0.30515,0.39457,0.24047,0.29315,0.40241,0.65471,0.8433,0.18093,0.42501,0.3172,0.03256,0.43725,0.44722,0.08653,0.39377,0.385
FBXW7,p.R658Q,0,0.5860000000000001,-0.072727,-0.04,0.0827594360418735,0.46376,0.17761,0.65883,0.90584,0.84481,0.76659,0.34621,0.67736,0.61372,0.94366,0.7894,0.77718,0.8433,0.36869,0.99114,0.78183,0.16981,0.49471,0.81001,0.73378,0.71479,0.392
FBXW7,p.R689Q,0,0.496,-0.0022056999999999,0.856,0.0847027969330176,0.6975100000000001,0.17761,0.83489,0.90584,0.88582,0.79018,0.68238,0.87373,0.77573,0.92576,0.76594,0.99202,0.8433,0.62782,0.98291,0.75854,0.54189,0.44545,0.81001,0.73151,0.74093,0.63
FBXW7,p.S462Y,0,0.5079999999999999,0.095389,2.066,0.0941089722394749,0.8489800000000001,0.74265,0.88278,0.90584,0.97372,0.60227,0.91255,0.87808,0.94592,0.71148,0.73999,0.95512,0.8433,0.70031,0.99419,0.76497,0.67484,0.84955,0.81001,0.89211,0.85924,0.8190000000000001
IDH1,p.P33S,0,0.524,-0.0543809999999999,0.255,0.0752408025680905,0.1745999999999999,0.77206,0.79044,0.90584,0.84481,0.96601,0.65419,0.71942,0.89114,0.9898,0.8984,0.53056,0.8433,0.85732,0.62597,0.97475,0.92032,0.86454,0.81001,0.96191,0.88252,0.05
IDH2,p.A416V,0,0.36,-0.0952669999999999,0.591,0.112578155231698,0.19413,0.79854,0.81355,0.61523,0.41825,0.91792,0.52492,0.6765,0.58463,0.96819,0.9525,0.93936,0.8433,0.85942,0.85826,0.88714,0.87092,0.93193,0.81001,0.65397,0.91413,0.086
IDH2,p.A47V,0,0.2059999999999999,-0.30974,-0.5529999999999999,0.0547514283167674,0.13661,0.76948,0.41117,0.30243,0.17295,0.3428,0.53172,0.51583,0.07607,0.80316,0.85458,0.9379,0.4659,0.63623,0.53277,0.7049,0.67932,,0.81001,0.42001,0.49076,0.002
IDH2,p.I139F,0,0.552,1.7261,1.693,0.125651569309823,0.60396,0.61798,0.7909,0.51285,0.53214,0.971,0.91255,0.93605,0.93917,0.43546,0.95852,0.9274,0.8433,0.86865,0.89032,0.74765,0.88279,0.79577,0.81001,0.70191,0.88013,0.198
IDH2,p.T331M,0,0.426,-0.043118,1.693,0.142757168312071,0.339368,0.78199,0.83135,0.90584,0.92359,0.95251,0.91255,0.95725,0.8039,0.97275,0.9858,0.97969,0.8433,0.93686,0.86419,0.95889,0.94371,0.93193,0.81001,0.8034,0.94914,0.104
KRAS,p.D33E,1,0.3440000000000001,-0.17704,2.172,0.0603025535409804,0.458382,0.75325,0.4161,0.70673,0.7153,0.31868,0.7849,0.82964,0.79841,0.73099,0.94927,0.5878,0.8433,0.72813,0.97893,0.89269,0.74332,0.72112,0.81001,0.73684,0.80782,0.426
KRAS,p.E62K,1,0.5860000000000001,0.038272,2.172,0.071640625122723,0.6980340000000003,0.83815,0.7823,0.52977,0.49608,0.90841,0.49117,0.92901,0.82987,0.97875,0.97252,0.63166,0.8433,0.9485,0.96587,0.9779,0.9442,0.84684,0.81001,0.69118,0.90721,0.638
NFE2L2,p.N160S,0,0.3359999999999999,-0.36688,-0.531,0.031102175036189,0.246582,0.30669,0.04228,0.02946,0.06944,0.34509,0.13879,0.03841,0.01812,0.06786,0.23951,0.39208,0.0914,0.15787,0.13252,0.369,0.33735,0.19214,0.08975,0.20791,0.04979,0.49
NRAS,p.G12A,1,0.524,-0.0617789999999999,1.937,0.126780408176268,0.857064,0.77843,0.73674,0.44108,0.50435,0.38595,0.44694,0.82057,0.81865,0.87484,0.88611,0.68911,0.55875,0.72372,0.82694,0.86673,0.81314,0.98533,0.81001,0.79143,0.88679,0.5529999999999999
NRAS,p.Y64D,0,0.384,0.23437,1.937,0.43145979631017,0.7751900000000002,0.81478,0.87014,0.77913,0.74454,0.74443,0.91255,0.91391,0.94917,0.57525,0.91767,0.68653,0.52346,0.91215,0.96763,0.97099,0.92208,0.88562,0.81001,0.97846,0.97323,0.273
PIK3CB,p.A1048V,1,0.8260000000000001,1.2312,0.479,0.0364053983914792,0.5721659999999998,0.82076,0.85983,0.90584,0.97372,0.79018,0.91255,0.87265,0.94337,0.97426,0.94988,0.93484,0.8433,0.81339,0.85139,0.90809,0.843,0.81586,0.81001,0.7271,0.94952,0.131
PIK3CB,p.A593V,0,0.512,-0.22956,-1.3530000000000002,0.0340401617230579,0.1692119999999999,0.63738,0.48748,0.40281,0.24676,0.38264,0.1593,0.76853,0.18765,0.45452,0.9295,0.64163,0.8433,0.58108,0.63197,0.6578,0.59004,,0.81001,0.45222,0.45763,0.036
POT1,p.L265H,0,0.608,0.041181,2.783,0.0484833131550884,0.2937540000000001,0.62051,0.80054,0.90584,0.92359,0.79541,0.91255,0.91162,0.91838,0.42657,0.99363,0.58827,0.62929,0.80656,0.96108,0.84669,0.80819,0.8255,0.58761,0.77554,0.83024,0.47
POT1,p.L388M,0,0.386,-0.27495,-0.06,0.0387391251851663,0.112104,0.56114,0.33142,0.33622,0.31755,0.46185,0.17701,0.40864,0.22735,0.23772,0.51757,0.25918,0.28541,0.30115,0.22472,0.37743,0.325,0.35559,0.3409,0.14193,0.03383,
PTEN,p.K6N,0,0.446,-0.031434,,0.0914684664078383,0.5930280000000001,0.95179,0.74897,0.55135,0.57175,0.82803,0.68238,0.88577,0.80902,0.93458,0.99282,0.8651,0.8433,0.94228,0.99403,0.96974,0.87314,0.84955,0.81001,0.74051,0.7835,0.843
SPOP,p.K101I,0,0.608,1.4065,0.4,0.130136540287564,0.679354,0.65006,0.89376,0.70673,0.76916,0.68708,0.91255,0.73465,0.85011,0.74042,0.92154,0.96488,0.8433,0.85942,,0.80561,0.80523,0.69156,0.81001,0.95394,0.80723,0.094
SPOP,p.K134N,1,0.528,1.2815,0.477,0.0550560600641443,0.7153940000000001,0.44461,0.70543,0.70673,0.70672,0.4929,0.7849,0.66787,0.71204,0.82833,0.8912,0.93623,0.8433,0.64358,,0.66384,0.49545,0.68353,0.81001,0.75139,0.601,0.063
