Hugo_Symbol	HGVSp_Short	y	HGNC_ID	AABLOSUM	AACharge	AACOSMIC	AACOSMICvsHapMap	AACOSMICvsSWISSPROT	AAEx	AAGrantham	AAHapMap	AAHGMD2003	AAHydrophobicity	AAMJ	AAPAM250	AAPolarity	AATransition	AAVB	AAVolume	MGAEntropy	MGAPHC	MGARelEntropy	NumAlignedSpecies	HMMEntropy	HMMPHC	HMMRelEntropy	ExonConservation	ExonHapMapSnpDensity	ExonSnpDensity	UniprotDensity	PredBFactorF	PredBFactorM	PredBFactorS	PredRSAB	PredRSAE	PredRSAI	PredSSC	PredSSE	PredSSH	PredStabilityH	PredStabilityL	PredStabilityM	RegCompC	RegCompDE	RegCompEntropy	RegCompG	RegCompH	RegCompILVM	RegCompKR	RegCompNormEntropy	RegCompP	RegCompQ	RegCompWYF	AATripletFirstProbMut	AATripletFirstProbWild	AATripletSecondProbMut	AATripletSecondProbWild	AATripletThirdProbMut	AATripletThirdProbWild	AATripletFirstDiffProb	AATripletSecondDiffProb	AATripletThirdDiffProb	UniprotACTSITE	UniprotBINDING	UniprotCABIND	UniprotCARBOHYD	UniprotCOMPBIAS	UniprotDISULFID	UniprotDNABIND	UniprotDOM_Chrom	UniprotDOM_LOC	UniprotDOM_MMBRBD	UniprotDOM_PostModEnz	UniprotDOM_PostModRec	UniprotDOM_PPI	UniprotDOM_RNABD	UniprotDOM_TF	UniprotLIPID	UniprotMETAL	UniprotMODRES	UniprotMOTIF	UniprotNPBIND	UniprotPROPEP	UniprotREGIONS	UniprotREP	UniprotSECYS	UniprotSIGNAL	UniprotSITE	UniprotTRANSMEM	UniprotZNFINGER	InsiderPPI	p-value_w0	p-value_w5	p-value_w10
TP53	p.I255T	1	HGNC:11998	0.205561195823	0.0	0.207893013662	-0.39853532839199995	0.165455746918	-0.266193028605	-0.0959561032862	0.33958692048	1.54804257854	0.27421665848	-0.874133253381	0.35241872494099996	0.911127105356	0.060423082527700005	1.2923424235299998	0.863216269598	-0.017611525187799997	0.023781022809599997	0.135081135607	71.0	1.3449054417100001	0.104790627512	1.44230563318	-0.046508793018	-0.382224178539	1.57598523743	0.0	-0.571320770422	-0.7984002814910001	0.839944544324	1.66920795251	-0.8251834215270001	-0.8121143274860001	-0.0028914261282699995	0.00213721660786	0.00040853249585900004	-0.8881279066490001	2.80998983793	-0.537452161236	-0.45481204419200005	0.079944073516	-0.00984622870908	0.0117835660686	-0.505676492266	0.444941334345	0.12540975104399998	0.27344316923399997	0.031952961872	-0.610373886313	-0.7153600457629999	0.0435018270325	-0.16307375199000002	0.158635661412	0.0685018909132	0.420895106219	0.05238707466900001	-1.0893338092799998	0.0669003007808	-0.5919297018540001	-0.0105589414579	-0.0154443237772	-0.0146347261237	-0.026630984265	-0.13894576132	-0.006932133271350001	-0.043436231714599996	-0.014461759121299999	-0.048952957860099997	-0.051134603805099994	-0.100925140328	-0.0324464858435	-0.137853381581	-0.0614099356053	-0.0459547582082	-0.006769210559939999	-0.0170315017445	-0.0441254849379	-0.0331469216495	-0.0351288195455	-0.028442416485599996	4.8650809029	-0.153591543562	-0.0013363412998299998	-0.0034366677447399997	-0.0103492945475	-0.136437614796	-0.10125476315	-0.1412946135275772	-1.4806740041039372	-0.4530537120963079	-1.869739362290595
PTEN	p.L42V	1	HGNC:9588	1.16995807981	0.0	0.281512329156	-0.350458506871	0.15158001427200002	0.0056336070233900006	-0.6124580993500001	0.41619469419699995	0.46315015022699996	0.0288649114189	1.79016996375	1.34978519092	0.275213796957	1.1009414221	1.9021392543400002	0.45549158889799995	-0.550497152276	0.036339411856	-0.0234385245742	95.0	-0.5031940867220001	-0.0819174838037	-0.388226800396	0.22912984061099997	-0.382224178539	0.433838642892	1.0	-0.27782514833599997	0.0089483497339	0.042134752195499996	-0.181222465518	-0.0617777283603	0.31082228908799997	0.00358320960632	-0.009186195750540001	0.00632806796156	-0.17042205829100002	0.0898399311469	0.385460761361	-0.45481204419200005	0.079944073516	0.09231878329280001	0.69875812735	-0.505676492266	-0.0879248642217	0.12540975104399998	0.422361280541	0.031952961872	-0.610373886313	0.5602401356009999	0.047125959997800004	0.9078575392589999	0.00360557615436	1.03473591066	0.0812896653788	1.17958811235	0.432407313609	-0.17096743532900002	1.76418264082	-0.0105589414579	-0.0154443237772	-0.0146347261237	-0.026630984265	-0.13894576132	-0.006932133271350001	-0.043436231714599996	-0.014461759121299999	-0.048952957860099997	-0.051134603805099994	-0.100925140328	-0.0324464858435	-0.137853381581	-0.0614099356053	-0.0459547582082	-0.006769210559939999	-0.0170315017445	-0.0441254849379	-0.0331469216495	-0.0351288195455	-0.028442416485599996	-0.197526659359	-0.153591543562	-0.0013363412998299998	-0.0034366677447399997	-0.0103492945475	-0.136437614796	-0.10125476315	-0.1412946135275772	0.6178240162906283	-1.2670613726346187	-1.3680390225227497
SMAD4	p.S504R	1	HGNC:6770	0.205561195823	-1.38352499669	0.216070486163	-0.330204440926	0.115859112607	0.311438572105	0.0943341057898	0.333565349017	0.750327557722	1.8617867865200002	1.07135501954	0.39775356430299996	0.354702960507	0.719418030925	1.08907681326	-1.43983109	-0.6274614726259999	0.0367304580879	0.07747069164539999	94.0	2.4255629229099998	0.289076356577	1.8002354415000001	-0.19875139253899998	0.0146440039248	-0.553026764134	0.0	-0.571320770422	-0.8920925917810001	0.928181572024	1.45255976307	-0.7957407777140001	-0.592476587054	-0.015840697597499998	0.0106297758767	0.00336830022871	0.195008618062	-0.38190634639399995	-0.135472310505	0.940725358705	-0.780283489691	0.13529141385500001	0.69875812735	-0.505676492266	0.444941334345	0.577796044082	0.46463484715000003	0.031952961872	-0.610373886313	0.5602401356009999	-0.0634100954442	0.500142580662	-0.19649139435199997	0.382167412248	0.202319263976	0.37392839631499997	-0.465669414656	0.252734469616	0.275653537628	-0.0105589414579	-0.0154443237772	-0.0146347261237	-0.026630984265	-0.13894576132	-0.006932133271350001	-0.043436231714599996	-0.014461759121299999	-0.048952957860099997	-0.051134603805099994	-0.100925140328	-0.0324464858435	-0.137853381581	-0.0614099356053	-0.0459547582082	-0.006769210559939999	-0.0170315017445	-0.0441254849379	-0.0331469216495	-0.0351288195455	-0.028442416485599996	-0.197526659359	-0.153591543562	-0.0013363412998299998	-0.0034366677447399997	-0.0103492945475	-0.136437614796	-0.10125476315	-0.1412946135275772	-1.7534445692518268	-0.9651208832870514	-1.4657605750925449
PIK3CA	p.Q546R	1	HGNC:8975	1.16995807981	-1.38352499669	0.5070904535140001	1.16376761839	0.39310316322800004	0.345416901558	-0.5127822755479999	0.335603343183	0.580148353281	1.18346136818	0.961970136724	1.21378067283	0.010249918457700001	0.199158861138	2.61356889028	-0.504964458104	-0.632762055011	0.0377170067603	0.318576784367	99.0	-0.318510266125	0.004761523837510001	-0.200511039666	0.212177157141	-0.382224178539	-0.130187366878	0.0	-0.298066225722	0.319927081761	-0.240959045011	-0.48962753518999996	0.402995434697	0.0014733589024100002	0.00034589173902800006	-0.000693636481739	-0.00255123523699	0.37772395623899996	-0.549300186811	-0.46772096263999996	-0.45481204419200005	0.9401716367299999	0.07609903241839999	-0.675190995217	-0.505676492266	-0.0879248642217	-0.326976541989	0.149696651742	0.031952961872	0.25750008721	0.5602401356009999	0.119608619304	-0.0017998350339	0.06669921550319999	-0.0396586336849	-0.025288637863599996	-0.17702723909	0.8398680514329999	-0.35680160416400003	-0.243735759587	-0.0105589414579	-0.0154443237772	-0.0146347261237	-0.026630984265	-0.13894576132	-0.006932133271350001	-0.043436231714599996	-0.014461759121299999	-0.048952957860099997	-0.051134603805099994	-0.100925140328	-0.0324464858435	-0.137853381581	-0.0614099356053	-0.0459547582082	-0.006769210559939999	-0.0170315017445	-0.0441254849379	-0.0331469216495	-0.0351288195455	-0.028442416485599996	-0.197526659359	-0.153591543562	-0.0013363412998299998	-0.0034366677447399997	-0.0103492945475	-0.136437614796	-0.10125476315	0.0586612217722761	-2.3935449028341154	-1.9331243469318395	-1.869739362290595
TP53	p.K132N	1	HGNC:11998	0.687759637818	1.38352499669	0.26594495733	-0.29170003771200004	0.187340463835	0.6512218666399999	-0.0506489106491	0.38409549441699997	0.335515746896	-0.577298228379	0.586936252788	0.8964367972949999	0.08973908200760002	-0.043628751429900005	0.580912787589	0.929748748876	-0.594367901923	0.031370041057799995	0.010438617592899999	71.0	1.52118304123	0.222699022391	1.08747662525	-0.22501717116	-0.382224178539	1.6904904522100002	0.0	-0.56120023173	-0.405689959636	0.47780507646799997	-0.153185641003	-0.37933767235	0.743910791348	0.00358320960632	-0.00635534266094	0.00336830022871	0.319255048022	-0.534082564955	-0.320054895025	0.940725358705	-0.780283489691	0.13529141385500001	-0.675190995217	-0.505676492266	-0.0879248642217	0.12540975104399998	0.46463484715000003	0.031952961872	0.25750008721	0.5602401356009999	-0.123208289372	0.33886866370499996	0.0108162777942	0.355127281098	-0.131866941106	0.233028266605	-0.324305485207	-0.0520335672739	0.586126469483	-0.0105589414579	-0.0154443237772	-0.0146347261237	-0.026630984265	-0.13894576132	-0.006932133271350001	-0.043436231714599996	-0.014461759121299999	-0.048952957860099997	-0.051134603805099994	-0.100925140328	-0.0324464858435	-0.137853381581	-0.0614099356053	-0.0459547582082	-0.006769210559939999	-0.0170315017445	-0.0441254849379	-0.0331469216495	-0.0351288195455	-0.028442416485599996	4.8650809029	-0.153591543562	-0.0013363412998299998	-0.0034366677447399997	-0.0103492945475	-0.136437614796	-0.10125476315	-0.1412946135275772	-2.383597484767173	-1.7545794511574253	-1.4413778817716565
ZNF366	p.P166H	0	HGNC:18316	-0.276637246173	-1.38352499669	0.163151811394	-0.402771896398	0.0985838913038	0.345416901558	-0.204693365615	0.287266659727	-0.00484266198638	0.404108759865	0.469738164058	0.0350748494006	0.646163226857	-0.35578425330200003	-0.13051684835400001	-0.690914207879	1.1447994228799998	-0.00167500423057	-0.37951349784	90.0	-0.36959512335199995	-0.0200671458282	-0.330785158167	0.012492588749500001	0.118283800459	0.380217584662	0.0	0.18771963152399998	0.23420858511300002	-0.25015040206300004	-0.5304083708489999	0.506044688045	-0.100611788059	0.00358320960632	-0.000693636481739	0.00040853249585900004	0.17746794559700002	-0.374297535466	-0.0944539583895	-0.45481204419200005	-0.780283489691	-0.171203622144	-0.675190995217	-0.505676492266	-0.354357963507	-0.7793628350249999	-1.51842906127	3.36864618304	0.25750008721	0.5602401356009999	-0.400454461218	0.8045697497480001	-0.06850144024430001	0.34250855322800006	-0.473278793866	1.08204186871	-0.108101828402	0.735903308589	2.4982915357700004	-0.0105589414579	-0.0154443237772	-0.0146347261237	-0.026630984265	-0.13894576132	-0.006932133271350001	-0.043436231714599996	-0.014461759121299999	-0.048952957860099997	-0.051134603805099994	-0.100925140328	-0.0324464858435	-0.137853381581	-0.0614099356053	-0.0459547582082	-0.006769210559939999	-0.0170315017445	-0.0441254849379	-0.0331469216495	-0.0351288195455	-0.028442416485599996	-0.197526659359	-0.153591543562	-0.0013363412998299998	-0.0034366677447399997	-0.0103492945475	-0.136437614796	-0.10125476315	-0.1412946135275772	0.6178240162906283	1.1004014700168734	-0.3314351221702329
TTN	p.F34562L	0	HGNC:12403	0.687759637818	0.0	0.30016912139199997	-0.188779413812	0.253012812692	0.107568595384	-0.7030724846240001	0.401122485297	0.899234361608	0.129892101385	1.89174164065	1.4404548696500001	-0.06923924509210001	0.615366196968	0.885811202993	0.395782953649	-0.38856388427199995	0.0117705442506	0.231378346561	26.0	0.0	0.0	0.0	-0.0835355793155	0.138242251396	0.17482014240200003	0.0	0.0	0.0	0.0	0.0	0.0	0.0	0.0	0.0	0.0	0.0	0.0	0.0	-0.45481204419200005	0.510057855123	0.09231878329280001	-0.675190995217	-0.505676492266	0.17850823506299998	0.577796044082	0.422361280541	0.031952961872	1.12537406073	-0.0775599550789	0.6505440987219999	-0.33340800136	0.721070389321	-0.353324155019	1.19403940771	-0.325153016478	0.432407313609	0.698736474821	-2.4402592120599995	0.0	0.0	0.0	0.0	0.0	0.0	0.0	0.0	0.0	0.0	0.0	0.0	0.0	0.0	0.0	0.0	0.0	0.0	0.0	0.0	0.0	0.0	0.0	0.0	0.0	0.0	0.0	0.0	-0.1412946135275772	-2.9464424549370666e-12	2.095452367827152e-13	2.0133735012566072e-12
LMAN2	p.R9L	0	HGNC:16986	-0.276637246173	1.38352499669	0.26081168843	0.030216888980999997	0.184853745251	-0.0963013813371	0.0218425975704	0.30371910336999997	0.8885981613299999	-2.17930081213	-1.03039737169	-0.599612901679	-1.4735478011399998	1.0315735328	0.07274876191539999	0.114299387476	0.966651318461	-0.09276214109650001	-0.223102664551	71.0	-0.6152727088859999	-0.190693895095	-0.5764881495149999	-0.113873780458	0.763496467263	0.48839188883400003	0.0	-0.571320770422	-0.8123544553640001	0.854650715607	0.9453481195640001	-0.688485432393	-0.134640170379	-0.022315333332000004	0.019122335145499998	0.00040853249585900004	0.00936983447466	-0.07374950380669999	0.0573139444377	0.940725358705	-0.350169708086	-0.154983871273	1.3857326886399999	-0.505676492266	-0.620791062789	0.577796044082	-0.202016221325	-0.635385682362	-0.610373886313	1.83584031698	0.989400530979	0.126856885235	0.843652317199	0.198294520431	0.6358581246230001	-0.09212587888	-0.00831552526172	0.0148667335068	-1.1693513227799999	-0.0105589414579	-0.0154443237772	-0.0146347261237	-0.026630984265	-0.13894576132	-0.006932133271350001	-0.043436231714599996	-0.014461759121299999	-0.048952957860099997	-0.051134603805099994	-0.100925140328	-0.0324464858435	-0.137853381581	-0.0614099356053	-0.0459547582082	-0.006769210559939999	-0.0170315017445	-0.0441254849379	-0.0331469216495	-0.0351288195455	-0.028442416485599996	-0.197526659359	-0.153591543562	-0.0013363412998299998	-0.0034366677447399997	-0.0103492945475	-0.136437614796	-0.10125476315	-0.1412946135275772	-2.9464424549370666e-12	2.095452367827152e-13	2.0133735012566072e-12
TNNI3K	p.H924D	0	HGNC:19661	0.205561195823	2.76704999338	0.05771553592619999	-0.14449960894000002	0.0913767137304	-0.436084675872	-0.16844761150600002	0.102087039776	-0.06865986365190001	0.894812253987	0.16502313335899998	0.66976260048	0.6991560025570001	-0.529203976565	-0.13051684835400001	0.7182095839910001	-0.142574085817	0.0262662047107	0.227177129675	68.0	-0.6152727088859999	-0.227125295596	-0.561924036742	0.142093168227	-0.382224178539	0.42515971740099995	0.0	-0.540959154344	-0.730622865536	0.7700902307269999	0.77712717247	-0.566508765165	-0.109892255964	0.00358320960632	-0.00352448957134	0.00040853249585900004	0.291482316619	-0.488429699387	-0.29134204854400003	0.940725358705	-0.780283489691	-0.154983871273	-0.675190995217	2.1416966078099997	-0.354357963507	-0.326976541989	-1.24576443248	0.031952961872	-0.610373886313	-0.0775599550789	-0.08877902620139999	-0.442131990319	-0.0630934140144	-0.30825726977	-0.128254117267	-0.267347835058	0.29104338416	1.5684403849700002	-0.223424446288	0.0	0.0	0.0	0.0	0.0	0.0	0.0	0.0	0.0	0.0	0.0	0.0	0.0	0.0	0.0	0.0	0.0	0.0	0.0	0.0	0.0	0.0	0.0	0.0	0.0	0.0	0.0	0.0	-0.1412946135275772	-2.9464424549370666e-12	2.095452367827152e-13	2.0133735012566072e-12
BAZ1B	p.N589T	0	HGNC:961	0.687759637818	0.0	0.09484369342980001	-0.6591678411540001	0.09304530016410001	0.20950358374400002	-0.313430627945	0.265041915877	-0.14311326559499998	-0.865947342568	1.11042104912	0.66976260048	-0.7846417170409999	-0.18236453004	0.27601437218499997	-0.0341192201422	1.2514119961799999	-0.111942750041	-0.324185749313	89.0	0.17479268787500002	-0.044647647320400004	0.0782322127537	-0.0320644068667	-0.250284550702	-0.211861685314	0.0	0.612782256614	0.483390261416	-0.557141727606	-0.640006866683	0.817295494075	-0.425428164754	-0.0028914261282699995	0.00213721660786	0.00040853249585900004	0.40842013305200003	-0.560713403203	-0.541553996448	-0.45481204419200005	0.079944073516	0.16204429354299998	0.0117835660686	-0.505676492266	0.17850823506299998	0.12540975104399998	0.288714392881	0.031952961872	0.25750008721	-0.0775599550789	0.126856885235	-0.277233940398	0.0721072417331	-0.127989728773	0.32515527449299997	-0.28360554233199997	0.16631050523399998	-0.47573547221900003	-0.977844654534	-0.0105589414579	-0.0154443237772	-0.0146347261237	-0.026630984265	-0.13894576132	-0.006932133271350001	-0.043436231714599996	-0.014461759121299999	-0.048952957860099997	-0.051134603805099994	-0.100925140328	-0.0324464858435	-0.137853381581	-0.0614099356053	-0.0459547582082	-0.006769210559939999	-0.0170315017445	-0.0441254849379	-0.0331469216495	-0.0351288195455	-0.028442416485599996	-0.197526659359	-0.153591543562	-0.0013363412998299998	-0.0034366677447399997	-0.0103492945475	-0.136437614796	-0.10125476315	-0.1412946135275772	-2.110540242505698	0.5857256964675879	-0.1438962527714883
